window,test_year,ticker,model,final_value,cumulative_return,sharpe_ratio,max_drawdown,total_trades
Window_1_2022,2022,GME,PPO + Reddit,6724.18,-32.76,0.052,-62.18,3
Window_1_2022,2022,GME,PPO no Reddit,21500.8,115.01,1.778,-19.11,12
Window_1_2022,2022,GME,DQN + Reddit,12440.11,24.4,0.687,-38.3,38
Window_1_2022,2022,GME,Buy-and-Hold,4845.25,-51.55,-0.258,-62.06,1
Window_1_2022,2022,TSLA,PPO + Reddit,6961.9,-30.38,-0.754,-48.76,77
Window_1_2022,2022,TSLA,PPO no Reddit,3229.6,-67.7,-1.427,-71.36,1
Window_1_2022,2022,TSLA,DQN + Reddit,9948.89,-0.51,0.107,-19.09,36
Window_1_2022,2022,TSLA,Buy-and-Hold,3081.33,-69.19,-1.484,-72.71,1
Window_1_2022,2022,AAPL,PPO + Reddit,8186.01,-18.14,-0.401,-29.01,2
Window_1_2022,2022,AAPL,PPO no Reddit,8007.37,-19.93,-0.443,-27.94,11
Window_1_2022,2022,AAPL,DQN + Reddit,8823.69,-11.76,-0.233,-22.95,18
Window_1_2022,2022,AAPL,Buy-and-Hold,7187.44,-28.13,-0.759,-30.27,1
Window_1_2022,2022,AMC,PPO + Reddit,20765.86,107.66,1.548,-12.75,8
Window_1_2022,2022,AMC,PPO no Reddit,3501.75,-64.98,-0.458,-74.7,8
Window_1_2022,2022,AMC,DQN + Reddit,18410.94,84.11,1.22,-46.73,40
Window_1_2022,2022,AMC,Buy-and-Hold,1693.5,-83.07,-1.007,-85.48,1
Window_2_2023,2023,GME,PPO + Reddit,13427.36,34.27,0.925,-11.78,14
Window_2_2023,2023,GME,PPO no Reddit,18147.43,81.47,1.422,-22.64,8
Window_2_2023,2023,GME,DQN + Reddit,16204.52,62.05,1.254,-12.69,26
Window_2_2023,2023,GME,Buy-and-Hold,10191.73,1.92,0.395,-55.78,1
Window_2_2023,2023,TSLA,PPO + Reddit,22905.01,129.05,1.774,-32.67,1
Window_2_2023,2023,TSLA,PPO no Reddit,28163.54,181.64,2.776,-16.69,58
Window_2_2023,2023,TSLA,DQN + Reddit,22666.48,126.66,1.837,-26.51,13
Window_2_2023,2023,TSLA,Buy-and-Hold,22914.96,129.15,1.861,-32.65,1
Window_2_2023,2023,AAPL,PPO + Reddit,15764.09,57.64,2.464,-12.03,9
Window_2_2023,2023,AAPL,PPO no Reddit,15453.84,54.54,2.271,-14.91,1
Window_2_2023,2023,AAPL,DQN + Reddit,15730.19,57.3,2.386,-14.83,3
Window_2_2023,2023,AAPL,Buy-and-Hold,15463.81,54.64,2.317,-14.9,1
Window_2_2023,2023,AMC,PPO + Reddit,13407.34,34.07,1.033,-2.29,6
Window_2_2023,2023,AMC,PPO no Reddit,10003.11,0.03,0.426,-61.58,16
Window_2_2023,2023,AMC,DQN + Reddit,15306.77,53.07,0.965,-35.15,14
Window_2_2023,2023,AMC,Buy-and-Hold,1572.28,-84.28,-0.929,-91.94,1
Window_3_2024,2024,GME,PPO + Reddit,23754.11,137.54,1.241,-62.42,1
Window_3_2024,2024,GME,PPO no Reddit,21481.44,114.81,1.169,-62.42,11
Window_3_2024,2024,GME,DQN + Reddit,19935.57,99.36,1.065,-46.03,8
Window_3_2024,2024,GME,Buy-and-Hold,19188.66,91.89,1.095,-62.39,1
Window_3_2024,2024,TSLA,PPO + Reddit,10000.0,0.0,0.0,0.0,0
Window_3_2024,2024,TSLA,PPO no Reddit,18923.55,89.24,1.339,-34.91,1
Window_3_2024,2024,TSLA,DQN + Reddit,23581.38,135.81,1.731,-27.11,25
Window_3_2024,2024,TSLA,Buy-and-Hold,16759.6,67.6,1.133,-42.55,1
Window_3_2024,2024,AAPL,PPO + Reddit,14847.72,48.48,2.092,-11.71,1
Window_3_2024,2024,AAPL,PPO no Reddit,15640.12,56.4,2.403,-7.68,13
Window_3_2024,2024,AAPL,DQN + Reddit,14568.45,45.68,1.926,-15.21,7
Window_3_2024,2024,AAPL,Buy-and-Hold,13623.32,36.23,1.51,-15.24,1
Window_3_2024,2024,AMC,PPO + Reddit,10000.0,0.0,0.0,0.0,0
Window_3_2024,2024,AMC,PPO no Reddit,10000.0,0.0,0.0,0.0,0
Window_3_2024,2024,AMC,DQN + Reddit,10000.0,0.0,0.0,0.0,0
Window_3_2024,2024,AMC,Buy-and-Hold,6498.96,-35.01,0.084,-59.55,1
